date,DJI,AA,AIG,AXP,BA,C,CAT,DD,DIS,GE,GM,HD,HON,HPQ,IBM,INTC,JNJ,JPM,KO,MCD,MMM,MO,MRK,MSFT,PFE,PG,T,UTX,VZ,WMT,XOM
2006-01-03,10847.41,28.72,68.41,51.53,68.63,45.26,55.86,40.68,24.18,33.6,17.82,39.79,36.14,28.35,80.13,24.57,59.08,37.78,38.98,32.72,75.93,52.27,30.73,26.19,22.16,56.38,22.7,54.94,26.79,44.9,56.64
2006-01-04,10880.15,28.89,68.51,51.03,69.34,44.42,57.29,40.46,23.77,33.56,18.3,39.05,35.99,29.18,80.03,24.9,59.99,37.56,38.91,33.01,75.54,52.65,31.08,26.32,22.88,56.48,22.87,54.61,27.58,44.99,56.74
2006-01-05,10882.15,29.12,68.6,51.57,68.53,44.65,57.29,40.38,24.19,33.47,19.34,38.67,35.97,28.97,80.56,25.25,59.74,37.67,39.1,33.05,74.85,52.52,31.13,26.34,22.9,56.3,22.92,54.41,27.9,44.38,56.45
2006-01-06,10959.31,29.02,68.89,51.75,67.57,44.65,58.43,40.55,24.52,33.7,19.61,38.96,36.53,29.8,82.96,25.28,60.01,37.94,39.47,33.25,75.47,52.95,31.08,26.26,23.16,56.24,23.21,54.58,28.01,44.56,57.57
2006-01-09,11011.9,29.37,68.57,53.04,67.01,44.43,59.49,40.32,24.78,33.61,21.12,39.38,36.23,30.17,81.76,25.44,60.38,38.55,39.66,33.88,75.84,53.11,31.58,26.21,23.16,56.67,23.3,55.2,28.12,44.4,57.54
2006-01-10,11011.58,28.44,69.18,52.88,67.33,44.57,59.25,40.2,25.09,33.43,20.79,40.33,36.17,30.33,82.1,25.1,60.49,38.61,39.7,33.91,75.37,53.04,31.27,26.35,22.77,56.45,23.16,55.24,28.24,44.54,57.99
2006-01-11,11043.44,28.05,69.6,52.59,68.3,44.98,59.28,38.87,25.33,33.66,20.61,41.44,36.19,30.88,82.19,25.12,59.91,38.58,39.72,34.5,75.22,53.31,31.39,26.63,23.06,56.65,23.34,54.41,28.58,45.23,58.38
2006-01-12,10962.36,27.68,69.04,52.6,67.9,45.02,60.13,38.02,25.41,33.25,19.76,41.05,35.77,30.57,81.61,24.96,59.63,37.87,39.5,33.96,74.57,53.23,31.41,26.48,22.9,56.02,23.24,53.9,28.69,44.43,57.77
2006-01-13,10959.87,27.81,68.84,52.5,67.7,44.92,60.24,37.86,25.47,33.35,19.2,40.43,35.85,31.43,81.22,24.78,59.26,37.84,39.37,33.65,74.38,53.29,31.4,26.53,22.99,56.49,23.27,54.1,28.75,44.1,59.06
2006-01-17,10896.32,27.97,67.84,52.03,66.93,44.47,60.85,37.75,25.15,33.2,18.68,40.11,35.56,31.2,81.05,24.52,58.74,37.64,39.11,33.77,73.99,52.85,31.16,26.34,22.63,56.25,23.13,54.41,28.12,43.66,59.61
2006-01-18,10854.86,27.81,67.42,51.84,66.58,44.41,60.04,37.54,24.97,33.08,18.98,40.42,35.71,31.21,81.83,21.72,59.61,37.24,38.91,34.16,74.07,52.89,30.99,26.18,22.36,56.54,23.11,54.08,27.83,43.88,58.78
2006-01-19,10880.71,28.33,66.92,51.66,66.42,44.02,60.66,37.69,26.0,32.95,19.1,39.83,35.88,31.77,81.14,21.53,59.6,37.03,39.01,34.36,73.81,52.68,31.26,26.36,23.27,56.39,23.18,54.41,28.07,44.49,59.57
2006-01-20,10667.39,27.67,65.55,50.49,64.79,41.95,58.98,37.34,25.49,31.7,18.9,38.76,34.57,31.28,79.45,20.91,58.28,36.07,38.21,35.01,72.21,52.18,31.2,25.77,23.03,55.74,23.01,53.46,27.64,43.71,58.63
2006-01-23,10688.77,28.03,65.46,50.53,65.3,42.24,59.23,37.37,25.29,31.63,20.6,38.29,34.78,30.88,79.5,20.52,58.66,36.28,38.6,34.86,72.65,52.09,30.8,25.71,23.19,55.55,22.77,52.94,27.69,43.95,59.28
2006-01-24,10712.22,28.16,65.39,51.89,65.92,42.25,59.53,37.09,25.76,31.32,21.73,39.03,35.25,30.91,78.95,20.45,56.9,36.13,38.98,35.0,71.21,51.74,30.76,25.64,22.91,55.77,22.96,54.86,27.6,44.41,59.05
2006-01-25,10709.74,28.57,64.67,51.97,65.19,42.45,60.23,37.05,25.21,31.13,22.48,38.57,34.79,31.64,79.01,20.38,56.08,36.48,39.21,34.32,70.06,51.49,31.14,25.76,23.14,56.35,23.47,55.4,28.03,44.65,58.32
2006-01-26,10809.47,29.57,65.29,52.38,66.96,43.17,63.24,37.61,24.85,31.37,21.73,38.98,36.09,31.14,78.82,20.65,56.21,37.53,39.54,34.11,69.77,51.42,31.85,25.86,23.34,56.69,23.75,55.9,28.3,44.99,58.07
2006-01-27,10907.21,30.07,65.49,52.36,66.8,43.04,65.53,37.63,24.85,31.31,22.44,38.59,36.47,30.83,79.12,20.82,56.28,37.68,40.0,34.21,69.73,52.1,32.56,27.12,24.22,57.57,24.11,57.1,28.71,44.53,59.37
2006-01-30,10899.92,29.33,64.92,51.75,67.26,42.99,65.02,37.17,25.23,31.29,22.94,38.59,36.69,30.82,79.71,20.81,55.98,37.78,39.79,34.19,69.73,51.53,32.33,27.32,24.17,57.0,24.25,56.72,28.5,45.08,61.13
2006-01-31,10864.86,30.26,64.33,51.52,66.56,42.77,65.89,36.99,25.08,31.12,22.68,39.12,37.06,30.72,79.39,20.43,55.16,37.68,39.44,34.18,69.82,50.43,32.37,27.47,23.93,57.08,24.16,56.73,28.28,44.79,60.78
2006-02-01,10953.95,30.03,65.12,51.69,69.78,42.54,67.19,37.31,25.04,31.49,23.09,38.81,37.95,30.77,80.02,20.71,55.46,37.81,39.56,34.82,70.24,51.24,32.52,27.36,24.27,57.65,24.72,56.37,28.41,44.82,60.01
2006-02-02,10851.98,29.59,64.34,51.63,69.86,41.93,66.36,36.74,24.87,31.26,22.25,38.55,37.17,30.46,79.32,20.37,55.26,37.91,39.3,34.61,69.25,50.22,31.73,27.01,24.02,57.49,24.69,56.13,28.18,44.95,60.01
2006-02-03,10793.62,29.52,64.22,51.41,69.05,41.82,66.11,36.75,24.79,31.21,21.82,38.42,37.84,30.11,78.09,20.03,55.0,37.47,38.96,35.11,68.24,49.99,32.27,26.87,23.56,57.52,24.94,55.57,28.24,44.19,59.47
2006-02-06,10798.27,30.92,64.87,51.3,69.32,41.92,66.66,36.74,24.74,31.12,22.0,38.1,38.04,29.83,77.64,19.9,54.5,37.39,39.02,35.27,68.31,49.76,31.74,26.51,23.38,57.62,25.19,55.49,28.19,43.79,60.03
2006-02-07,10749.76,29.8,64.66,51.15,69.72,41.81,65.17,37.02,26.46,30.7,21.5,37.37,37.77,29.93,77.98,19.96,54.45,37.22,39.11,35.33,67.81,49.53,31.61,26.29,23.46,57.17,25.06,55.29,28.14,43.46,58.65
2006-02-08,10858.62,30.1,65.23,51.8,70.21,42.1,66.77,37.37,26.66,31.11,20.73,37.89,37.64,31.54,79.1,19.96,56.17,37.54,39.3,35.49,68.14,49.74,32.17,26.26,24.81,57.31,25.26,55.13,29.11,44.1,58.81
2006-02-09,10883.35,29.99,65.96,52.1,70.46,42.5,66.42,37.98,26.48,31.28,20.87,37.67,38.12,31.14,78.71,20.28,56.13,37.7,39.08,35.44,69.22,50.07,32.22,26.01,24.78,57.46,25.26,55.12,29.18,44.39,58.35
2006-02-10,10919.05,29.79,66.72,52.06,70.97,42.65,66.71,38.45,26.44,31.62,20.62,37.84,38.23,31.05,79.62,20.56,55.97,37.84,39.23,35.46,69.69,50.11,32.19,26.04,24.16,57.53,25.59,55.52,29.64,44.44,57.87
2006-02-13,10892.32,29.19,66.76,52.08,70.56,42.39,66.59,38.28,26.17,31.59,20.74,38.3,38.65,31.28,78.75,20.4,56.08,37.7,38.83,35.49,69.98,49.67,32.19,25.75,24.07,57.28,25.74,55.73,29.43,44.2,58.04
2006-02-14,11028.39,30.28,67.2,52.57,71.14,42.8,68.14,39.08,26.51,31.79,20.9,39.68,39.08,32.02,79.38,20.63,56.6,38.01,39.4,35.5,70.73,50.61,32.53,26.0,23.99,57.67,26.34,56.5,29.95,45.12,57.99
2006-02-15,11058.97,29.82,67.11,53.23,70.89,42.92,69.48,39.02,26.64,31.79,20.96,40.07,39.4,31.21,79.15,20.61,56.65,38.22,39.4,35.15,70.19,51.16,33.11,26.32,24.09,57.93,26.37,56.71,30.51,45.55,58.2
2006-02-16,11120.68,29.32,67.0,53.52,70.99,43.1,69.83,39.59,26.81,31.69,21.24,40.39,40.11,33.52,79.21,20.61,56.54,38.7,39.64,35.5,70.11,51.03,33.76,26.25,24.28,58.53,26.49,56.78,30.87,45.29,58.67
2006-02-17,11115.32,29.32,66.25,53.49,71.39,42.91,69.92,39.58,26.67,31.93,20.9,40.39,40.69,33.57,79.01,19.9,56.62,38.66,39.83,35.2,70.8,50.8,33.82,26.14,24.29,58.79,26.33,56.58,31.07,44.78,58.97
2006-02-21,11069.06,29.15,66.09,52.91,71.48,42.85,70.44,39.72,26.92,31.7,20.41,40.4,39.96,32.03,78.81,19.91,56.69,38.58,39.89,34.81,70.25,50.34,33.39,25.98,24.12,58.67,26.21,57.39,30.69,44.43,59.17
2006-02-22,11137.17,29.25,66.73,53.87,72.79,43.51,70.9,38.99,27.21,31.96,20.2,40.4,40.54,32.46,79.64,19.46,56.59,39.26,40.11,35.09,70.49,51.16,33.7,26.16,24.64,59.69,26.3,57.44,30.37,44.18,58.68
2006-02-23,11069.22,29.04,66.04,53.61,72.31,43.43,70.21,38.68,27.46,31.84,19.63,40.12,40.18,31.9,78.51,19.59,56.16,38.97,40.06,34.74,71.13,51.16,33.22,26.1,24.59,59.25,26.01,57.12,30.3,44.39,58.26
2006-02-24,11061.85,29.11,65.81,53.9,72.71,43.48,70.55,38.45,27.73,31.72,19.06,40.16,40.23,31.55,78.42,19.66,55.68,39.49,40.25,34.5,71.38,50.51,32.93,26.07,24.81,59.27,25.67,57.45,30.2,44.15,58.84
2006-02-27,11097.55,28.53,65.95,53.77,72.53,43.41,71.32,38.19,28.13,31.89,19.17,40.95,40.32,32.92,78.93,19.81,55.83,39.42,40.54,34.41,71.17,50.7,33.18,26.48,25.03,59.13,25.86,57.33,30.43,44.45,58.35
2006-02-28,10993.41,28.3,65.21,52.93,71.12,43.03,70.91,38.37,27.74,31.46,19.37,40.67,39.72,32.33,78.55,19.89,55.58,39.0,40.0,34.08,71.08,50.13,32.71,26.31,24.64,57.76,25.69,57.07,30.11,44.06,57.82
2006-03-01,11053.53,28.52,65.22,53.16,71.38,43.18,72.19,38.72,27.84,31.36,18.97,41.09,40.03,33.55,78.22,20.08,55.59,39.47,40.33,34.1,71.15,50.23,32.8,26.57,24.71,57.93,26.15,57.27,30.55,43.86,58.76
2006-03-02,11025.51,28.86,64.81,52.83,71.23,42.74,72.14,39.13,27.78,31.44,18.51,40.8,40.23,33.69,78.26,19.78,55.61,39.49,39.95,34.11,70.55,49.92,32.95,26.4,24.52,57.39,26.33,56.87,30.37,43.77,59.26
2006-03-03,11021.59,29.34,64.49,52.8,71.81,42.62,72.4,39.09,27.97,31.65,18.32,40.71,40.46,32.77,78.28,19.62,55.4,39.43,39.84,34.02,70.39,50.27,33.02,26.37,24.78,57.51,26.06,56.45,30.0,44.03,59.38
2006-03-06,10958.59,28.76,65.01,52.8,71.07,42.77,71.05,38.66,27.63,31.68,18.89,40.33,39.63,32.38,78.32,19.6,55.77,39.28,39.98,33.84,69.49,49.85,32.8,26.35,24.44,57.51,25.16,56.31,30.13,43.83,58.41
2006-03-07,10980.69,28.19,65.49,52.64,71.58,43.06,70.88,38.96,27.76,31.73,19.35,40.06,40.13,32.48,78.6,19.37,56.13,39.32,39.84,33.81,69.8,50.05,32.75,26.49,24.64,58.11,24.7,56.34,29.94,43.97,58.28
2006-03-08,11005.74,27.78,65.95,52.89,71.25,43.32,70.26,38.67,27.8,32.0,19.47,39.85,40.25,32.2,79.43,19.32,56.63,39.44,40.25,33.85,69.91,50.65,32.9,26.68,24.62,58.86,24.94,56.43,29.87,43.97,58.15
2006-03-09,10972.28,27.81,65.58,52.26,72.17,43.15,69.28,38.44,27.84,31.78,20.35,39.35,40.03,32.28,79.32,19.07,56.21,38.92,40.41,33.71,69.35,50.78,32.74,26.43,24.64,59.17,25.09,56.0,30.0,43.94,57.38
2006-03-10,11076.34,28.21,66.63,53.27,73.18,43.61,68.85,39.0,27.91,32.21,20.63,39.94,40.87,32.51,79.85,19.17,56.92,38.99,40.77,33.82,69.85,51.49,32.97,26.6,24.54,59.99,25.35,56.41,30.54,44.03,57.63
2006-03-13,11076.02,28.08,67.04,52.89,73.23,43.47,68.9,39.58,28.3,32.23,20.38,39.94,40.42,32.81,80.21,19.05,56.95,38.92,40.8,33.5,69.63,51.8,33.39,26.54,24.43,59.73,25.25,56.58,30.66,43.97,58.08
2006-03-14,11151.34,28.57,67.57,53.01,73.82,43.79,69.81,39.97,28.4,32.33,20.16,40.8,41.08,32.99,81.14,19.08,57.16,39.23,41.08,33.44,71.02,52.48,33.3,26.66,24.43,57.83,25.44,56.89,30.72,44.23,59.22
2006-03-15,11209.77,28.86,67.62,53.07,74.41,43.63,72.09,40.88,28.49,32.95,20.5,40.92,41.56,33.48,81.63,19.23,57.65,39.08,41.03,33.94,71.47,52.06,33.35,26.79,24.41,57.73,25.43,56.52,30.72,44.18,59.42
2006-03-16,11253.24,29.18,68.19,53.16,75.08,43.92,72.68,40.66,28.42,32.91,21.19,41.39,41.31,33.45,81.13,18.97,57.86,39.17,40.99,34.22,72.33,52.09,33.47,26.7,24.51,57.24,25.24,56.81,30.84,45.2,60.03
2006-03-17,11279.65,29.06,67.78,53.69,76.17,44.0,73.97,40.58,28.38,33.03,20.15,41.54,41.47,33.74,81.55,18.87,58.17,39.25,41.08,34.26,72.23,51.84,33.81,26.92,24.83,56.96,25.14,57.37,30.74,45.52,59.45
2006-03-20,11274.53,28.76,67.38,53.16,76.5,43.99,73.6,40.76,28.38,33.02,19.88,41.49,41.29,33.55,81.82,18.94,58.3,39.29,41.18,33.9,72.44,51.87,33.83,27.31,24.9,57.03,24.97,57.27,30.57,46.56,59.07
2006-03-21,11235.47,28.13,66.31,52.64,76.57,43.82,72.11,40.87,27.85,32.87,20.98,41.63,41.0,33.13,82.05,19.1,58.39,39.06,41.04,34.07,72.37,51.07,34.05,27.16,24.75,56.89,24.88,57.01,30.69,46.9,59.13
2006-03-22,11317.43,28.34,66.86,52.6,76.92,44.24,73.95,41.15,27.54,33.05,20.99,41.99,41.38,32.95,82.67,19.29,58.81,39.86,41.06,33.97,73.47,51.66,34.37,26.58,24.84,57.33,25.06,57.69,31.1,46.89,59.45
2006-03-23,11270.29,28.49,66.15,52.16,76.22,44.33,74.0,40.97,27.27,32.66,20.98,42.42,41.24,32.6,81.45,19.02,58.62,39.85,40.72,33.72,74.15,51.28,34.34,26.29,24.61,56.52,25.14,57.32,31.02,47.32,59.65
2006-03-24,11279.97,28.79,66.41,52.24,77.03,44.37,73.26,40.57,27.2,32.5,21.6,41.75,41.17,32.76,81.61,18.92,58.22,39.91,40.96,33.87,74.18,51.41,34.2,26.44,24.48,56.61,25.48,57.83,31.24,46.98,59.57
2006-03-27,11250.11,29.28,66.14,52.42,76.7,44.21,73.15,40.58,27.09,32.34,21.86,41.63,40.74,32.71,81.33,19.07,57.78,39.92,40.7,33.73,74.21,50.78,34.17,26.44,24.28,56.18,25.43,57.77,31.21,46.75,59.69
2006-03-28,11154.54,29.12,65.03,51.64,75.84,44.18,72.65,40.42,26.85,32.16,21.69,41.63,40.65,31.68,80.7,18.91,57.46,39.4,40.48,33.49,73.69,50.77,33.82,26.34,23.85,55.44,25.16,56.86,30.87,46.55,59.35
2006-03-29,11215.7,29.64,65.18,51.57,77.47,44.2,71.49,40.5,27.61,32.48,21.12,41.55,41.0,32.32,81.38,19.14,57.37,39.51,40.48,33.78,74.91,51.32,33.96,26.45,23.75,55.65,25.38,56.89,31.29,46.84,59.68
2006-03-30,11150.7,29.65,65.07,51.21,76.73,43.88,70.26,40.53,27.62,33.17,20.08,41.03,41.07,32.17,81.45,19.02,57.21,39.37,40.44,33.73,73.9,50.55,33.78,26.66,23.71,55.54,25.16,56.6,30.81,46.46,59.52
2006-03-31,11109.32,29.5,65.09,51.62,76.25,43.83,69.68,40.25,27.64,33.29,20.28,40.96,41.48,32.5,80.74,18.79,57.09,39.47,40.2,33.54,73.1,49.94,33.42,26.64,23.45,55.54,25.18,56.56,30.43,46.05,59.27
2006-04-03,11144.94,29.83,64.68,51.5,76.33,44.0,71.32,40.84,27.69,33.21,19.2,41.03,41.11,33.12,81.31,18.68,57.04,39.75,40.2,33.9,73.25,50.26,33.59,26.98,23.63,55.78,25.09,56.76,30.75,45.6,59.43
2006-04-04,11203.85,29.79,65.07,52.29,76.91,44.74,73.07,40.94,27.66,33.22,18.63,41.2,41.81,33.28,81.7,18.64,56.7,40.4,40.4,33.83,74.37,50.1,33.66,27.06,23.61,55.9,25.25,56.73,30.91,45.33,60.13
2006-04-05,11239.55,30.57,64.95,52.08,77.41,44.79,73.55,41.12,27.54,32.95,18.98,41.3,41.7,33.94,82.4,18.81,56.3,40.66,40.28,33.98,74.81,50.17,34.14,27.16,23.68,55.53,25.22,56.81,30.77,45.69,60.53
2006-04-06,11216.5,31.04,64.45,51.46,78.1,44.41,73.41,41.19,27.43,33.03,18.64,40.8,41.56,33.68,82.05,18.71,56.4,40.42,40.03,33.78,78.6,49.66,33.05,26.98,23.6,55.41,24.93,56.81,30.45,45.39,60.47
2006-04-07,11120.04,31.37,63.41,50.9,77.86,44.23,72.7,40.71,27.28,32.57,18.6,40.76,41.12,32.96,80.75,18.58,55.75,39.85,39.7,34.05,78.26,49.16,32.7,26.68,23.23,55.2,24.66,56.21,30.55,44.87,59.72
2006-04-10,11141.33,31.69,63.22,51.05,79.05,44.48,73.21,40.97,27.54,32.47,18.5,40.47,41.35,32.7,80.37,18.69,55.63,40.03,39.83,34.51,78.21,49.37,32.65,26.72,23.19,55.08,24.54,56.27,30.27,44.55,60.32
2006-04-11,11089.63,32.91,62.43,50.46,78.83,44.06,74.39,41.03,27.52,32.59,18.33,40.11,40.63,32.14,79.45,18.5,55.67,39.77,39.64,34.7,78.03,48.86,32.31,26.56,22.91,54.44,24.3,56.01,29.6,44.36,60.38
2006-04-12,11129.97,32.91,62.43,50.4,81.42,44.18,75.53,41.11,27.67,32.99,19.1,39.69,41.18,31.93,79.05,18.46,55.79,40.05,39.51,34.35,78.33,49.05,32.11,26.63,22.97,54.37,24.15,56.04,29.85,44.75,59.85
2006-04-13,11137.65,32.54,62.44,50.42,81.14,44.59,74.66,41.29,27.63,32.44,19.45,39.81,42.1,32.22,80.26,18.78,55.83,40.32,39.61,34.02,78.2,48.63,32.2,26.5,23.05,54.55,24.11,55.75,29.66,44.62,59.95
2006-04-17,11073.78,32.82,61.97,50.21,80.58,44.87,74.19,40.97,27.4,31.87,19.11,39.1,41.59,31.64,79.92,18.53,55.58,40.14,39.4,33.5,77.52,48.41,32.06,26.28,22.99,54.0,23.97,56.1,29.35,44.67,60.43
2006-04-18,11268.77,33.94,62.52,51.49,81.51,44.99,76.57,41.64,27.84,32.42,19.62,40.01,42.83,33.07,81.56,18.72,56.04,40.71,39.65,33.66,78.8,48.94,32.71,26.65,23.45,54.12,24.45,57.46,30.01,45.24,61.88
2006-04-19,11278.77,33.74,62.7,51.07,83.13,44.76,76.63,41.66,27.23,32.44,19.61,39.45,42.22,32.59,80.14,18.89,55.93,40.73,40.03,33.73,79.08,48.6,32.63,26.46,23.35,54.34,24.27,61.27,29.61,45.3,62.62
2006-04-20,11342.89,33.56,62.74,51.63,83.66,44.83,75.9,42.3,27.09,32.66,21.59,39.51,42.51,33.4,80.3,18.78,56.13,40.71,40.14,34.24,79.78,49.37,33.2,26.46,23.47,54.52,23.89,62.64,29.43,45.24,62.25
2006-04-21,11347.45,34.16,62.85,51.44,84.6,44.56,75.8,42.54,26.78,32.52,20.78,39.0,42.24,32.56,79.94,18.4,56.27,40.62,40.18,33.78,82.15,49.72,32.95,26.58,23.4,54.6,23.9,62.65,29.4,44.67,63.3
2006-04-24,11336.32,34.3,63.31,50.98,84.25,44.55,75.33,42.47,27.03,32.48,20.45,38.81,41.92,32.5,80.38,18.26,56.23,40.79,39.9,33.44,82.54,50.26,32.6,26.54,23.32,54.85,24.07,62.96,29.2,44.4,62.72
2006-04-25,11283.25,33.88,62.68,50.52,83.28,44.05,72.94,41.92,26.76,32.52,20.41,38.69,42.4,32.61,80.93,18.49,56.12,40.35,39.7,33.04,81.91,50.48,32.48,26.54,23.26,55.5,24.13,62.58,29.38,44.49,62.28
2006-04-26,11354.49,33.75,63.07,51.1,83.08,44.31,73.93,41.91,26.96,32.67,22.07,38.8,42.74,32.4,81.6,18.82,56.43,40.77,40.06,33.3,82.6,50.3,32.56,26.53,23.49,56.22,24.66,62.64,29.9,44.83,61.45
2006-04-27,11382.51,32.24,63.96,52.87,82.29,45.15,73.07,41.54,27.51,32.96,22.12,38.94,41.83,32.85,82.12,19.39,56.54,42.01,40.37,33.8,82.32,50.7,32.82,26.68,23.39,56.58,24.87,62.34,30.12,44.5,60.79
2006-04-28,11367.14,32.61,64.26,52.98,81.65,46.84,73.73,42.05,27.71,33.11,21.82,38.66,41.22,32.07,80.61,19.29,56.5,43.37,40.29,33.75,82.51,51.56,32.65,23.64,23.83,56.41,24.71,61.28,29.86,43.9,61.43
2006-05-01,11343.29,32.89,63.71,51.99,82.05,46.38,73.62,42.14,27.42,32.92,21.59,39.25,41.78,32.24,80.5,18.82,56.48,42.8,40.3,33.55,82.07,51.03,32.48,23.78,23.63,56.09,24.66,61.39,29.64,44.78,61.76
2006-05-02,11416.44,33.09,64.33,51.72,83.49,46.51,75.42,42.55,27.64,33.0,22.13,38.92,42.44,31.93,80.69,18.92,56.56,43.49,40.56,33.59,81.61,51.38,32.71,23.51,23.69,56.31,24.66,62.01,29.51,45.0,62.98
2006-05-03,11400.28,32.69,64.03,51.57,84.02,46.74,76.03,42.69,27.86,32.93,21.44,39.09,42.39,32.44,80.96,18.59,56.25,43.45,40.25,34.03,82.96,51.54,32.39,22.68,23.68,54.48,24.5,61.81,29.51,45.52,62.1
2006-05-04,11438.86,33.43,64.0,51.94,84.77,46.3,76.72,42.7,28.15,33.31,21.53,38.98,42.79,32.88,80.7,18.77,56.16,43.67,40.4,34.02,83.51,51.91,32.55,22.95,23.73,54.13,24.43,62.21,29.65,45.24,61.65
2006-05-05,11577.74,34.03,64.16,52.92,86.56,47.23,77.86,43.05,28.83,33.66,22.1,39.98,42.79,33.46,81.53,18.93,56.59,44.59,41.01,34.37,84.32,52.02,32.71,23.3,23.91,54.01,24.48,63.33,29.85,46.06,62.33
2006-05-08,11584.54,35.02,64.35,52.77,85.7,47.03,77.78,43.36,28.51,33.5,22.45,39.71,42.02,33.38,81.44,19.52,56.6,44.06,41.64,34.55,85.12,51.87,32.68,23.23,24.03,54.6,24.64,63.31,29.76,46.38,62.04
2006-05-09,11639.77,35.47,65.21,52.74,86.09,47.21,78.99,43.52,29.31,33.5,24.6,40.05,41.98,32.72,81.77,19.31,56.26,43.98,41.93,34.98,84.59,52.04,32.66,23.13,24.0,54.75,24.8,63.48,29.7,46.67,62.27
2006-05-10,11642.65,35.12,65.53,52.79,87.32,47.17,78.82,43.58,29.84,33.22,25.6,39.9,42.49,32.68,81.45,19.0,56.22,43.89,41.84,35.1,84.65,51.23,32.89,23.27,23.78,54.6,24.67,64.54,29.24,46.58,62.52
2006-05-11,11500.73,34.92,62.2,51.9,86.61,46.4,77.51,43.16,29.53,33.03,24.85,39.43,42.23,32.13,81.02,18.79,56.72,43.15,41.65,34.51,84.19,50.29,32.74,22.73,23.56,53.93,24.61,64.21,28.84,46.06,62.11
2006-05-12,11380.99,33.75,62.23,52.07,85.43,45.94,75.74,42.48,29.63,32.81,25.12,38.73,41.62,31.74,80.95,18.48,56.71,42.36,41.46,34.05,83.61,49.62,32.53,22.68,23.27,53.31,24.15,63.32,28.74,45.37,60.92
2006-05-15,11428.77,32.45,62.91,52.31,84.3,46.42,75.41,42.81,29.72,33.08,25.23,39.21,41.82,31.24,81.44,18.75,57.81,42.57,42.19,34.14,84.14,50.31,32.91,22.75,23.64,53.85,24.31,63.2,28.49,46.24,60.68
2006-05-16,11419.89,32.61,63.08,52.16,84.83,46.45,75.29,42.95,30.08,33.3,24.58,37.23,41.94,30.73,80.72,18.5,58.08,42.36,42.09,33.87,83.79,50.57,33.31,22.62,23.65,54.31,24.29,63.6,28.66,46.86,60.64
2006-05-17,11205.61,31.18,61.56,51.2,82.25,45.79,73.9,42.06,29.49,32.95,23.55,36.8,40.95,31.77,79.85,18.11,57.97,41.34,41.81,33.74,81.97,50.05,32.57,22.34,23.05,53.62,23.66,62.45,27.85,45.83,58.9
2006-05-18,11128.29,30.36,60.62,51.11,81.22,45.69,72.64,41.35,29.33,32.69,23.17,37.19,40.38,32.08,79.25,18.1,57.98,40.85,41.81,33.62,81.71,49.68,33.32,22.44,22.69,53.19,23.32,61.38,27.49,46.2,58.62
2006-05-19,11144.06,31.0,60.24,51.42,83.07,45.76,70.85,41.15,29.88,32.7,23.76,37.7,40.87,31.63,78.88,17.82,57.74,40.86,41.91,33.34,81.86,50.04,32.65,22.17,22.62,52.48,23.83,61.42,27.93,46.29,59.16
2006-05-22,11125.32,30.2,60.32,51.1,84.15,45.8,70.94,40.74,29.73,32.61,23.53,37.27,40.45,31.79,78.62,17.48,57.71,40.75,41.86,33.22,81.3,49.94,32.64,22.49,22.53,52.6,23.79,61.65,27.83,46.32,59.49
2006-05-23,11098.35,29.9,60.06,51.41,83.6,45.51,71.76,40.38,29.96,32.55,23.57,36.64,39.84,31.72,78.43,17.42,57.84,40.3,41.84,32.73,81.02,49.98,32.67,22.4,22.78,52.81,23.8,61.21,27.91,46.49,59.11
2006-05-24,11117.32,30.07,59.49,52.59,80.88,45.63,71.64,40.48,29.87,32.79,25.52,36.8,39.32,31.97,78.38,17.36,58.6,40.28,42.27,32.16,81.39,50.61,32.2,23.1,22.64,53.13,24.0,60.79,27.8,46.99,58.82
2006-05-25,11211.05,30.69,59.99,53.26,81.48,46.01,72.0,40.66,29.88,32.95,26.86,37.18,39.53,31.88,78.74,17.52,58.64,40.95,42.6,32.47,80.84,50.83,32.62,23.33,22.65,53.55,24.23,61.12,28.16,48.38,60.21
2006-05-26,11278.61,31.32,60.54,53.57,81.98,46.48,72.44,40.91,30.24,32.86,27.04,37.44,40.06,32.14,79.34,17.68,58.87,41.32,42.72,32.14,81.44,51.08,32.78,23.31,22.79,53.43,24.73,61.32,28.47,48.57,60.27
2006-05-30,11094.43,30.54,59.68,52.97,80.64,45.97,70.24,40.52,29.93,32.59,25.58,36.5,39.85,31.53,78.76,17.28,58.05,40.56,41.93,31.94,81.04,50.32,31.44,22.75,22.4,52.7,24.36,61.16,27.94,47.25,58.92
2006-05-31,11168.31,30.75,60.03,53.52,81.74,46.23,71.01,40.88,30.23,32.79,25.93,36.91,40.15,31.98,78.5,17.49,58.41,40.75,42.27,32.38,81.23,50.99,31.95,22.26,22.47,52.57,24.57,61.24,28.21,47.4,59.61
2006-06-01,11260.28,31.58,60.4,53.93,82.12,46.72,71.34,41.2,30.35,33.07,25.9,37.33,40.47,32.03,79.28,17.51,58.83,41.65,42.17,32.88,82.06,51.04,32.43,22.43,22.7,52.8,25.37,61.91,28.89,47.34,59.81
2006-06-02,11247.87,31.58,60.34,53.88,82.28,47.02,70.88,41.62,30.35,33.18,25.5,36.79,40.17,32.0,78.13,17.69,58.92,41.87,42.14,32.71,82.32,51.35,32.58,22.37,22.97,52.28,25.2,61.74,28.87,46.79,60.34
2006-06-05,11048.72,30.42,59.63,52.77,80.64,46.53,67.49,40.79,30.46,32.76,25.08,36.27,39.16,31.2,77.68,17.45,58.33,41.07,41.7,32.36,80.54,50.49,32.12,22.11,22.74,51.54,25.08,60.2,28.52,46.17,58.77
2006-06-06,11002.14,29.75,59.53,52.44,79.18,46.66,66.66,40.54,30.26,33.07,24.31,36.03,38.81,30.52,78.37,17.27,59.11,40.5,41.76,32.52,79.87,50.77,32.53,21.75,22.64,51.72,25.2,58.82,28.66,46.01,59.12
2006-06-07,10930.9,29.13,59.47,52.65,79.98,46.84,64.97,39.5,30.37,32.93,24.06,35.69,38.5,30.55,77.77,16.88,59.34,40.38,41.65,32.53,78.01,50.01,32.59,21.66,22.71,51.59,25.07,58.79,28.78,46.02,57.57
2006-06-08,10938.82,29.15,59.7,52.57,79.71,46.84,65.11,39.31,29.6,33.09,23.91,36.21,37.93,29.69,75.68,16.61,59.71,40.48,41.66,32.89,79.38,50.25,32.6,21.73,22.66,53.05,25.06,59.08,28.62,46.28,58.3
2006-06-09,10891.92,29.26,59.45,52.63,79.04,46.67,65.73,39.09,29.07,32.61,24.41,35.92,37.15,29.57,76.27,16.65,59.54,40.24,41.81,32.58,78.23,50.09,32.44,21.54,22.35,52.77,25.09,58.82,28.48,46.11,57.55
2006-06-12,10792.58,28.82,58.75,52.01,76.46,46.26,64.56,38.78,28.64,32.42,24.82,35.25,36.88,29.58,75.67,16.36,59.54,39.76,41.58,32.15,77.83,50.11,32.02,21.34,22.12,52.63,25.13,58.4,28.32,45.97,57.0
2006-06-13,10706.14,28.07,58.39,51.41,75.58,45.21,64.57,38.43,28.03,32.29,24.34,35.28,36.68,29.5,75.58,16.62,59.22,38.74,41.5,31.18,77.64,49.58,32.3,21.14,21.88,52.46,25.47,58.24,28.52,46.5,55.44
2006-06-14,10816.91,28.66,58.52,51.93,80.52,44.82,65.69,38.67,28.43,32.45,24.42,35.73,37.07,29.85,76.35,17.21,59.41,38.2,41.4,32.07,77.58,49.87,32.14,21.51,21.95,53.13,25.61,58.4,28.58,46.68,56.57
2006-06-15,11015.19,29.34,59.27,52.74,83.27,45.65,68.97,39.35,28.93,32.65,24.64,36.33,37.96,31.57,77.19,17.59,59.63,38.8,41.62,32.56,78.55,50.31,32.94,21.69,22.35,53.18,26.14,59.57,29.1,47.61,57.86
2006-06-16,11014.54,29.17,59.11,52.1,83.98,45.35,68.68,39.26,29.19,32.48,24.65,35.88,38.01,32.72,76.59,17.76,59.83,38.38,41.79,32.35,78.17,50.53,33.02,21.72,22.25,53.32,26.2,60.49,29.42,47.26,57.55
2006-06-19,10942.11,28.21,58.72,51.41,83.22,44.84,68.09,38.71,28.81,32.28,25.37,35.83,37.63,33.25,76.31,17.7,59.51,38.18,41.51,32.07,77.12,50.85,33.07,22.16,21.9,53.17,26.24,59.66,29.08,47.22,56.17
2006-06-20,10974.84,28.3,59.09,51.92,83.31,45.02,69.11,38.68,28.97,32.26,24.7,35.41,37.59,32.55,76.63,17.61,59.68,38.7,41.39,32.17,77.57,51.25,33.51,22.17,21.8,53.86,26.0,59.73,29.6,47.38,56.17
2006-06-21,11079.46,28.92,59.06,52.31,84.29,45.36,70.55,40.32,28.87,32.23,25.23,35.64,38.33,33.42,76.93,17.86,59.94,39.39,41.59,32.6,78.07,51.35,33.85,22.68,21.55,54.09,25.76,60.23,29.71,47.84,56.82
2006-06-22,11019.11,29.08,58.62,51.94,82.53,45.17,70.36,40.14,29.02,32.06,26.26,35.46,38.12,32.65,75.84,17.71,59.34,39.25,41.46,31.77,77.28,51.48,33.83,22.49,21.51,54.12,25.73,60.63,29.6,47.43,56.74
2006-06-23,10989.09,29.26,58.51,51.78,81.87,44.77,70.23,40.19,28.86,31.98,25.97,35.4,38.33,32.35,75.75,17.47,59.48,39.06,41.34,31.82,77.6,50.79,33.53,22.11,21.5,54.01,25.8,61.01,29.68,46.9,56.86
2006-06-26,11045.28,29.7,58.45,52.17,82.36,45.29,70.56,40.41,29.4,32.03,26.72,35.62,38.54,32.18,75.8,17.74,58.4,39.66,41.42,31.88,77.88,51.44,33.61,22.43,21.85,54.26,25.76,60.97,29.63,47.03,57.57
2006-06-27,10924.74,29.45,57.99,51.5,80.44,44.78,69.75,39.3,29.15,31.71,24.94,35.36,37.85,31.63,75.29,17.52,57.76,39.03,41.11,31.74,76.42,51.68,33.31,22.47,21.65,54.03,25.78,60.15,29.33,46.6,58.38
2006-06-28,10973.56,29.62,57.93,51.37,81.14,44.87,70.78,39.31,29.12,31.76,25.67,35.15,38.0,31.29,75.22,18.11,57.45,39.44,41.02,31.21,76.98,52.07,33.68,22.76,21.75,54.05,25.84,60.08,29.48,46.88,59.82
2006-06-29,11190.8,30.93,58.52,53.06,81.49,45.82,72.43,39.92,29.61,32.08,26.42,35.44,38.96,31.72,76.23,18.75,58.09,40.79,41.64,32.76,78.79,52.67,34.44,23.07,22.07,55.23,26.11,62.0,30.1,47.65,61.04
2006-06-30,11150.22,31.37,58.3,52.4,80.42,45.24,72.5,39.99,29.73,31.79,28.68,34.79,39.29,31.38,75.48,18.44,58.12,40.14,41.6,32.8,78.43,52.34,34.96,22.9,22.29,53.88,26.29,62.12,30.27,47.13,60.04
2006-07-03,11228.02,32.08,58.82,52.83,79.82,45.92,72.79,40.22,29.75,32.14,28.32,34.77,39.02,32.2,76.66,18.79,58.35,41.31,41.94,33.16,78.77,52.8,35.14,23.29,22.4,54.56,26.33,62.68,30.33,46.54,60.83
2006-07-05,11151.82,31.84,58.59,51.83,78.71,45.96,71.19,39.96,29.8,32.12,28.33,34.54,38.72,32.46,76.41,18.2,58.24,40.86,41.6,32.96,78.21,52.27,35.21,22.95,22.49,54.2,26.3,62.55,30.09,46.0,61.22
2006-07-06,11225.3,32.4,58.71,51.87,79.34,46.2,71.7,39.45,29.77,32.31,28.11,34.48,38.83,32.78,76.72,18.29,58.7,40.9,41.9,32.89,79.03,55.43,35.18,23.08,22.49,54.7,26.39,62.55,30.22,45.71,62.12
2006-07-07,11090.67,32.53,58.22,51.32,78.53,46.02,70.65,38.97,29.56,32.11,28.38,34.38,37.99,32.54,75.08,18.01,58.8,40.86,41.76,32.39,71.95,55.46,35.48,22.9,22.49,54.75,26.47,61.81,29.93,45.0,61.5
2006-07-10,11103.55,32.39,58.94,51.44,78.89,46.27,71.33,39.2,29.65,32.26,28.29,34.03,37.85,31.62,75.33,17.64,59.12,41.03,42.19,32.88,70.99,55.13,35.33,23.1,22.67,55.22,26.12,61.59,30.18,45.18,61.7
2006-07-11,11134.77,30.81,58.71,51.82,80.14,46.51,71.45,39.19,29.98,32.08,28.4,33.42,38.14,32.23,75.13,18.12,58.95,41.31,42.37,33.46,70.97,55.57,35.76,22.7,22.31,55.48,25.99,62.54,29.92,45.13,62.62
2006-07-12,11013.18,31.07,58.21,51.54,79.45,45.79,69.42,38.72,29.64,31.88,28.52,32.67,37.93,31.37,74.16,17.35,58.8,40.71,42.13,33.0,70.61,55.09,35.22,22.25,22.02,54.86,25.91,61.95,29.56,44.17,62.61
2006-07-13,10846.29,30.05,57.62,50.6,78.14,44.89,67.85,38.02,28.44,31.51,27.27,33.12,37.04,30.92,72.94,17.2,58.46,39.88,41.68,32.38,69.55,54.68,35.45,21.88,21.72,54.79,25.34,60.18,29.05,43.2,62.71
2006-07-14,10739.35,29.85,57.03,50.62,75.84,44.62,67.35,38.13,28.23,30.97,26.45,32.9,36.09,30.47,72.28,17.35,58.65,39.4,41.24,32.25,69.15,55.17,34.69,21.91,21.29,53.94,25.36,57.61,28.94,42.12,63.52
2006-07-17,10747.36,29.3,57.29,50.6,77.51,43.51,67.35,38.32,28.34,31.21,26.65,32.66,35.84,30.9,72.41,17.31,59.08,39.25,41.29,33.89,68.61,54.85,34.9,22.09,21.28,54.09,25.52,56.78,28.9,42.09,62.64
2006-07-18,10799.23,29.48,57.64,50.3,77.73,43.65,67.92,38.22,28.84,31.3,26.68,32.21,36.6,30.65,72.96,17.67,58.78,39.23,42.11,33.98,68.79,55.27,35.21,22.35,21.45,54.08,25.75,57.68,28.9,42.23,63.24
2006-07-19,11011.42,30.05,58.59,51.44,80.79,44.31,69.53,38.78,29.0,31.71,27.46,33.39,37.28,31.94,74.74,17.94,59.47,41.48,42.38,34.25,68.96,55.22,35.81,23.0,22.13,55.2,26.21,59.82,29.58,43.24,63.28
2006-07-20,10928.1,29.06,58.76,51.13,79.22,44.17,67.54,38.48,28.86,31.32,27.49,33.03,35.71,31.5,74.16,16.6,59.53,41.41,42.39,33.84,69.04,56.38,35.79,22.46,22.52,55.17,26.05,59.02,29.51,43.33,62.88
2006-07-21,10868.38,28.66,58.41,49.98,77.64,44.01,66.83,38.46,28.21,31.1,27.9,32.91,35.31,30.23,73.55,16.64,59.88,41.58,42.45,33.87,68.67,56.79,35.85,23.46,22.63,54.64,26.08,58.74,29.17,42.77,62.57
2006-07-24,11051.05,28.83,59.08,50.02,79.96,44.5,68.95,39.0,29.11,31.46,28.57,33.65,36.2,30.77,74.66,16.96,60.12,42.59,42.55,34.01,69.61,56.66,37.38,23.59,23.54,55.45,26.5,60.2,29.82,43.47,63.97
2006-07-25,11103.71,29.07,59.18,50.2,82.23,44.49,69.08,39.1,29.22,31.53,29.52,34.26,36.78,31.03,74.56,17.02,60.14,43.0,42.79,33.93,66.13,57.06,37.68,23.8,23.71,55.43,27.62,60.76,30.14,43.7,64.34
2006-07-26,11102.51,28.87,59.47,51.09,78.45,44.57,68.57,38.7,29.08,31.52,30.81,33.73,37.02,31.45,74.5,16.98,60.19,43.02,42.98,33.63,67.06,56.88,38.56,23.95,23.85,55.22,28.14,60.51,30.59,42.72,65.18
2006-07-27,11100.43,28.43,59.64,50.64,77.28,44.36,69.14,38.23,28.95,31.49,30.92,33.07,37.03,31.88,74.82,16.95,60.68,43.07,42.85,33.9,67.73,56.93,39.32,23.46,24.36,55.0,28.32,60.37,30.49,42.59,65.06
2006-07-28,11219.7,28.82,60.13,51.53,77.47,45.32,69.62,38.59,29.43,31.84,31.15,33.63,37.3,31.8,75.61,17.64,61.03,43.82,43.05,34.45,68.47,57.52,39.46,23.83,24.8,55.36,28.68,60.88,30.87,43.5,65.57
2006-07-31,11185.68,29.04,59.9,51.4,76.01,45.3,69.29,38.12,29.42,31.53,31.03,33.74,37.73,31.6,76.06,17.47,60.67,43.96,43.03,34.55,68.36,57.01,38.64,23.65,24.68,54.77,28.61,60.92,30.95,43.54,66.3
2006-08-01,11125.73,28.4,59.59,51.45,76.75,45.49,68.16,37.7,29.09,31.4,30.14,33.19,37.78,31.37,74.81,17.14,60.8,43.85,42.85,34.24,67.88,56.9,39.17,23.58,24.68,54.5,28.39,60.42,30.45,43.13,66.73
2006-08-02,11199.92,28.89,59.52,51.11,77.19,45.68,69.17,38.12,29.53,31.44,30.43,33.16,37.65,32.19,74.99,17.07,61.26,43.83,42.85,34.74,67.59,57.03,39.37,23.88,24.32,56.8,29.18,61.02,30.68,43.41,67.02
2006-08-03,11242.59,28.85,59.21,51.47,77.96,45.91,71.11,38.3,29.77,31.56,30.04,33.61,37.56,32.28,75.0,16.92,61.19,44.0,42.57,34.99,67.27,57.15,39.91,23.8,24.23,57.93,29.48,61.46,30.65,43.76,66.92
2006-08-04,11240.35,28.82,59.31,51.55,78.04,45.94,71.47,38.11,29.63,31.63,29.93,33.74,37.22,32.13,74.58,17.07,61.62,43.48,42.4,34.57,67.43,56.96,39.68,23.87,24.67,57.93,29.55,61.29,30.9,43.9,67.23
2006-08-07,11219.38,28.65,59.05,51.44,78.3,45.68,71.55,38.1,29.13,31.53,30.23,33.72,37.34,32.43,74.2,16.91,61.37,43.62,42.17,34.68,67.0,56.39,39.19,23.8,24.74,57.89,29.38,61.8,30.47,43.85,67.76
2006-08-08,11173.59,28.31,58.92,51.61,76.73,45.76,70.0,37.69,28.72,31.19,29.95,33.37,36.99,32.58,74.31,16.94,61.65,43.35,42.37,34.32,66.57,57.24,39.32,23.92,24.85,58.2,29.3,60.62,30.69,43.5,67.8
2006-08-09,11076.18,28.1,57.75,51.4,76.05,45.31,66.99,37.68,28.57,31.13,29.88,32.47,36.19,32.74,74.37,16.98,61.42,42.73,42.31,33.54,66.32,57.14,39.79,24.02,25.07,58.02,28.85,59.08,30.96,42.95,67.82
2006-08-10,11124.37,28.19,59.56,51.32,75.1,45.44,66.8,38.09,29.31,31.51,29.71,32.67,36.31,32.69,74.71,17.32,61.64,42.44,42.45,34.04,66.42,57.43,39.66,24.04,24.89,58.72,28.83,59.22,31.06,43.92,68.18
2006-08-11,11088.02,27.55,60.79,51.14,74.87,45.13,65.53,37.91,29.17,31.34,29.23,32.34,36.52,32.73,74.46,16.99,61.57,42.33,42.32,33.86,66.54,57.63,38.96,24.01,24.75,58.72,28.83,58.92,31.18,43.72,68.56
2006-08-14,11097.87,27.22,60.92,51.14,74.3,45.2,64.49,37.89,29.26,31.65,29.31,32.33,36.77,32.97,75.64,17.44,61.99,42.29,42.54,33.89,66.63,57.43,39.23,24.11,25.0,58.24,28.61,59.24,31.04,44.12,68.09
2006-08-15,11230.26,27.76,61.8,52.14,75.48,45.85,65.91,38.78,29.37,32.02,29.64,33.48,37.31,33.66,76.03,17.7,62.48,43.4,42.86,34.65,67.75,57.71,39.3,24.29,25.31,58.9,28.97,59.78,31.47,43.58,67.54
2006-08-16,11327.12,27.98,62.21,52.36,77.69,45.97,67.57,39.2,29.44,32.51,30.08,33.54,38.03,34.1,78.02,18.16,62.67,43.81,42.87,35.11,68.74,57.55,39.52,24.37,25.64,58.88,28.86,61.17,31.32,43.63,66.44
2006-08-17,11334.96,27.78,62.77,52.83,77.46,46.01,67.81,39.21,29.63,32.71,29.66,33.75,38.37,34.81,78.29,18.12,62.3,43.8,42.72,35.38,69.13,57.56,37.26,24.37,25.88,58.8,29.05,60.95,31.32,43.83,66.94
2006-08-18,11381.47,27.7,63.09,52.58,76.5,46.03,66.79,39.13,29.64,32.79,29.65,33.8,38.69,35.18,78.82,17.96,62.49,44.04,42.85,35.32,69.14,59.86,37.92,25.44,25.93,58.85,29.11,60.84,31.5,43.69,67.94
2006-08-21,11345.04,28.04,62.94,52.62,75.53,45.93,66.73,38.67,29.7,32.75,29.64,33.34,38.27,34.56,78.2,17.81,62.34,43.8,42.73,34.86,69.06,59.68,38.05,25.77,25.54,59.23,29.16,60.47,31.59,43.3,68.66
2006-08-22,11339.84,28.32,62.31,52.42,75.84,45.86,66.97,38.56,29.37,32.75,29.97,33.11,38.07,34.68,77.88,17.9,62.24,43.7,42.95,34.75,69.22,59.61,38.14,25.27,25.86,59.49,29.15,59.92,31.66,43.28,69.04
2006-08-23,11297.9,28.19,62.4,52.33,75.26,46.02,65.71,38.51,28.93,32.59,29.29,32.71,38.06,34.92,77.6,17.94,61.99,43.86,42.86,34.74,68.74,59.64,38.83,25.32,26.01,59.37,29.08,59.79,31.47,42.97,68.46
2006-08-24,11304.46,27.94,62.2,52.46,74.16,46.15,64.04,38.28,28.69,32.64,29.0,32.48,38.08,35.04,78.3,18.12,63.05,44.01,43.04,35.03,68.51,60.21,38.44,25.39,26.11,59.49,29.07,60.01,31.71,42.92,69.54
2006-08-25,11284.05,28.19,62.35,52.25,72.86,46.07,64.52,38.09,28.69,32.63,28.47,32.55,37.91,34.89,78.8,18.45,63.09,43.86,43.05,34.39,68.33,59.95,38.81,25.5,26.1,59.32,29.22,59.69,31.76,43.09,69.25
2006-08-28,11352.01,28.11,62.72,52.27,73.64,46.53,64.6,38.3,29.11,32.72,28.57,32.75,37.88,34.94,79.23,18.92,63.01,44.34,43.24,34.96,69.33,59.91,39.3,25.6,26.4,59.42,29.55,60.54,31.98,43.63,68.93
2006-08-29,11369.94,28.07,62.79,51.88,72.72,46.66,63.99,38.43,28.85,32.97,28.58,33.14,37.7,35.42,80.3,19.21,63.03,44.29,43.65,35.22,69.98,59.54,39.6,25.49,26.46,59.64,29.83,61.17,32.19,43.69,68.25
2006-08-30,11382.91,27.73,62.91,51.8,73.94,46.91,63.61,38.75,29.3,33.05,28.39,33.17,37.86,35.66,80.12,19.36,63.03,44.06,43.48,35.29,69.82,60.18,39.52,25.45,26.58,60.18,29.76,61.26,32.39,43.82,67.16
2006-08-31,11381.15,27.86,63.18,51.87,73.82,46.74,64.87,38.78,29.38,32.85,28.32,33.33,37.98,36.21,79.87,19.1,63.08,44.0,43.33,35.04,70.07,59.54,39.27,25.35,26.42,60.32,29.7,61.7,32.19,43.92,66.54
2006-09-01,11464.15,28.27,63.48,51.88,74.34,46.76,65.77,39.28,29.62,32.92,29.38,33.68,38.03,36.18,80.31,19.4,63.14,44.06,43.58,35.88,70.09,59.74,39.67,25.49,26.8,60.33,30.16,62.24,32.55,44.63,66.96
2006-09-05,11469.28,28.15,63.58,51.98,74.27,46.81,68.13,39.27,29.58,32.76,29.55,33.95,38.2,36.11,79.75,19.51,62.74,44.13,43.5,35.78,69.73,58.9,39.87,25.26,26.69,59.99,30.25,62.69,32.49,44.75,67.33
2006-09-06,11406.2,28.06,63.35,51.66,73.37,46.54,67.59,38.95,29.34,32.74,30.25,33.36,38.06,35.5,79.19,18.85,62.36,44.21,43.23,35.36,69.88,58.89,40.1,25.26,26.57,59.87,30.11,62.31,32.44,44.58,66.06
2006-09-07,11331.44,28.17,63.25,51.64,71.82,45.99,66.25,38.48,29.23,32.83,30.56,33.53,37.62,35.08,78.32,18.76,61.91,43.55,43.02,35.65,68.99,58.54,39.36,25.09,26.31,59.96,29.84,61.76,32.31,44.72,66.56
2006-09-08,11392.11,27.95,63.59,51.95,71.75,46.15,65.82,38.81,29.31,32.8,31.01,33.47,37.55,35.82,79.57,18.98,62.04,43.61,43.13,36.61,69.89,59.14,39.77,25.25,26.45,59.58,29.91,62.32,32.4,45.88,65.69
2006-09-11,11396.84,26.47,64.07,51.81,72.76,46.34,64.05,38.66,29.5,33.2,30.9,34.23,37.52,36.09,79.83,18.94,62.48,43.74,43.08,36.24,69.73,59.41,39.99,25.56,26.72,60.34,30.15,61.89,32.52,46.64,63.85
2006-09-12,11498.09,26.7,64.34,51.94,73.19,46.4,63.7,38.99,29.94,33.43,32.25,35.79,38.0,36.65,81.16,19.28,62.27,44.33,43.3,37.29,70.92,59.21,40.82,25.58,27.08,60.27,30.43,62.2,32.8,47.21,63.62
2006-09-13,11543.32,27.29,64.59,52.73,75.22,46.7,64.85,39.3,30.18,33.6,32.38,36.29,38.51,36.1,81.09,19.36,62.26,44.71,43.44,36.94,71.7,59.6,39.8,25.63,27.02,59.02,30.4,62.86,32.72,47.22,64.27
2006-09-14,11527.39,27.15,64.67,52.8,73.93,46.69,64.05,40.2,30.12,33.54,31.99,36.34,38.28,35.98,81.35,19.31,62.18,44.8,43.41,36.44,71.86,59.81,39.74,25.97,27.03,59.22,30.77,61.98,32.93,47.5,63.63
2006-09-15,11560.77,27.41,65.06,53.07,73.93,46.59,63.97,41.0,30.04,33.61,30.73,36.34,38.99,35.91,81.81,19.04,62.24,45.24,43.43,36.83,72.46,59.89,39.81,26.49,26.88,59.35,30.4,63.57,32.77,47.35,63.57
2006-09-18,11555.0,27.75,64.89,52.81,74.13,46.97,65.5,41.01,29.79,33.63,30.55,35.72,38.68,36.13,81.12,19.18,62.6,44.88,43.27,36.53,72.21,59.73,39.52,26.43,26.99,58.96,29.97,63.04,32.73,47.24,65.19
2006-09-19,11540.91,27.36,64.93,52.73,73.79,47.08,65.08,40.8,30.2,33.61,30.48,35.42,38.76,36.08,80.76,18.95,62.62,45.09,43.22,36.68,71.59,59.44,39.88,26.5,27.03,59.36,30.0,63.11,32.94,47.63,64.4
2006-09-20,11613.19,26.95,64.92,53.57,75.09,47.27,64.41,41.38,30.75,33.77,30.84,35.52,39.63,36.51,82.29,19.02,62.63,45.5,43.28,36.88,71.75,59.49,40.62,26.81,27.29,60.06,30.59,62.87,33.56,47.99,63.04
2006-09-21,11533.23,26.96,64.73,53.55,75.01,47.12,63.1,40.99,30.43,33.45,30.02,35.0,39.76,34.61,80.5,18.73,62.67,45.1,43.04,37.43,71.45,59.01,40.63,26.54,27.04,60.17,30.8,61.88,33.77,47.59,63.7
2006-09-22,11508.1,26.79,64.39,53.42,76.14,46.89,61.37,41.07,29.81,33.41,29.72,35.11,39.47,34.85,80.11,18.61,62.4,45.11,42.84,37.3,71.41,59.29,40.72,26.3,26.99,60.23,31.39,61.29,33.95,47.42,63.82
2006-09-25,11575.81,26.59,65.33,54.24,76.59,47.44,62.9,41.73,29.89,33.89,29.7,35.72,39.93,35.45,80.89,18.95,62.63,45.2,43.24,37.92,72.03,55.51,40.64,26.59,27.17,60.7,31.95,62.21,34.32,47.94,63.97
2006-09-26,11669.39,26.96,65.81,55.25,77.86,47.58,64.43,41.93,30.79,34.42,30.49,35.75,39.67,35.44,81.38,19.48,63.09,45.19,43.47,38.13,73.05,54.57,40.45,26.83,27.22,60.89,31.82,62.58,34.74,48.37,65.32
2006-09-27,11689.24,27.04,65.62,55.32,78.27,47.33,64.22,41.72,30.76,34.33,31.33,35.6,40.24,35.13,80.98,19.9,63.24,45.13,43.54,38.87,72.95,55.67,41.07,27.07,27.23,61.13,31.07,62.12,33.66,48.61,66.01
2006-09-28,11718.45,27.18,65.57,55.28,78.14,47.29,65.1,42.08,30.65,34.46,32.09,35.83,40.58,35.7,80.88,20.27,63.32,45.43,43.77,38.65,72.91,55.44,40.74,27.03,27.13,60.67,30.88,62.63,33.8,48.92,66.33
2006-09-29,11679.07,27.32,65.59,55.37,77.71,47.05,64.33,41.57,30.63,34.29,32.28,35.41,40.12,36.42,80.83,20.08,63.36,45.25,43.51,38.19,72.73,55.14,40.58,26.98,27.18,60.4,31.06,62.33,33.98,48.43,65.98
2006-10-02,11670.35,26.92,65.63,54.48,78.82,46.88,63.9,41.45,30.26,34.48,32.52,35.48,40.56,37.38,80.76,19.95,63.5,45.16,43.33,38.57,71.92,55.13,40.36,26.99,27.14,60.46,30.75,62.87,33.99,47.57,65.88
2006-10-03,11727.34,26.41,66.02,55.28,80.6,47.45,63.66,41.69,30.72,34.69,32.43,35.96,41.1,37.14,80.54,20.08,63.9,46.01,43.39,38.73,72.35,54.48,40.67,27.0,27.23,60.71,31.05,63.75,34.29,48.57,64.32
2006-10-04,11850.61,26.47,66.47,55.99,82.75,48.34,64.08,41.93,30.91,35.06,32.34,36.6,41.64,37.74,81.97,20.32,64.23,46.09,43.63,39.05,73.17,55.39,40.62,27.56,27.16,61.72,31.22,64.1,34.61,48.66,65.5
2006-10-05,11866.69,26.87,66.56,56.08,82.42,48.3,66.72,42.13,30.79,35.25,32.16,36.38,41.95,37.56,81.79,20.28,63.52,46.01,43.65,38.85,74.2,56.47,40.12,27.54,26.83,61.9,30.78,64.78,34.14,47.54,66.19
2006-10-06,11850.21,27.03,66.34,56.02,82.47,48.36,66.53,43.62,31.06,35.1,30.14,36.26,41.5,37.44,82.01,20.14,63.47,45.48,43.59,39.15,74.22,56.63,40.54,27.49,26.74,61.48,30.63,64.35,34.04,47.45,66.39
2006-10-09,11857.81,27.28,66.14,55.95,81.46,48.38,67.36,44.09,31.11,35.12,30.6,36.81,41.43,37.72,82.86,20.13,63.29,45.72,43.26,39.6,74.08,56.72,40.54,27.35,26.5,61.25,31.02,64.15,33.94,47.35,65.44
2006-10-10,11867.17,27.57,66.18,57.08,80.95,48.14,67.52,43.65,30.97,35.26,30.96,36.87,41.42,37.65,83.05,20.39,63.38,46.13,42.9,39.87,73.49,56.22,40.5,27.32,26.42,61.12,31.59,64.25,33.8,47.26,66.08
2006-10-11,11852.13,26.17,66.35,56.87,80.46,47.72,66.8,43.33,31.03,35.13,31.19,37.02,41.29,37.59,83.05,20.39,63.51,46.23,42.96,40.27,73.76,56.78,40.86,27.17,26.16,60.89,31.77,64.46,33.86,47.44,65.42
2006-10-12,11947.7,25.92,66.67,57.31,82.43,47.53,67.71,43.78,31.02,35.18,31.7,37.0,41.5,38.14,83.55,20.98,63.26,46.83,42.89,41.22,73.72,56.74,41.41,27.84,26.5,60.82,32.39,65.31,34.22,47.45,66.52
2006-10-13,11960.51,25.96,66.59,57.44,81.2,47.72,67.54,43.74,30.83,34.95,32.02,36.03,41.79,38.57,84.91,21.08,63.01,46.74,42.87,41.11,73.69,57.36,41.84,27.99,26.45,60.55,32.39,65.43,34.27,47.59,67.26
2006-10-16,11980.59,26.62,66.7,57.06,81.47,47.5,68.37,44.01,30.74,34.54,31.6,35.49,42.18,38.47,85.53,21.09,63.35,46.32,43.09,41.12,74.03,56.96,42.38,28.07,26.51,60.47,31.8,65.71,34.26,47.45,68.66
2006-10-17,11950.02,26.82,66.53,57.52,81.1,47.41,68.34,43.62,30.82,34.54,31.48,34.92,41.82,38.77,85.77,20.4,64.47,46.57,42.64,40.61,74.08,56.36,42.58,28.06,26.57,60.66,31.87,64.23,33.85,47.41,68.25
2006-10-18,11992.68,26.68,66.34,57.35,81.55,47.54,67.54,43.56,31.3,34.54,31.47,35.04,41.81,38.72,88.6,20.6,66.49,45.82,42.81,40.48,73.81,56.43,43.08,28.13,26.94,61.3,31.75,64.51,33.85,47.48,68.01
2006-10-19,12011.73,26.83,65.94,57.39,81.22,47.24,67.77,43.67,31.31,34.27,32.07,35.06,40.78,39.27,88.64,20.53,66.38,45.49,43.73,39.8,74.66,57.76,43.09,27.91,26.53,61.21,32.53,63.95,34.42,47.62,68.56
2006-10-20,12002.37,26.76,65.81,57.46,80.56,47.28,57.94,43.64,31.17,34.45,32.36,35.14,40.9,39.09,89.25,20.82,66.95,45.73,45.52,40.48,76.69,57.39,44.2,28.05,26.53,61.39,33.2,63.97,34.97,48.48,68.39
2006-10-23,12116.91,26.79,66.17,56.08,81.61,47.95,59.33,44.1,31.0,34.51,34.16,35.38,41.28,39.58,90.32,20.94,67.42,45.99,46.04,41.14,78.27,57.74,44.26,28.07,26.58,61.97,33.46,63.93,35.17,50.36,68.75
2006-10-24,12127.88,27.0,66.03,56.13,82.39,47.81,59.83,44.64,31.1,34.4,35.13,35.64,42.0,39.15,90.25,21.1,67.07,45.75,45.8,41.24,78.07,57.49,44.48,27.9,26.13,61.58,33.48,64.07,35.15,50.38,68.72
2006-10-25,12134.68,27.06,66.16,56.29,79.69,48.18,60.79,44.28,30.92,34.59,33.69,35.74,42.05,38.88,90.58,21.2,67.15,45.87,45.95,41.0,77.65,59.14,44.62,27.93,26.29,61.83,33.09,64.2,35.43,49.94,69.82
2006-10-26,12163.66,26.91,67.1,57.24,78.0,48.15,61.23,44.37,31.69,34.57,33.35,36.5,42.0,38.88,90.3,21.25,67.14,46.36,45.9,41.11,77.44,58.75,44.76,27.97,26.15,62.19,33.16,64.19,35.84,50.82,70.42
2006-10-27,12090.26,27.58,66.71,56.7,78.59,47.7,60.16,44.2,31.45,34.2,32.93,36.19,41.49,38.18,89.53,20.59,66.51,45.89,45.64,40.48,77.16,58.96,44.64,27.96,26.09,62.25,32.98,63.89,35.93,49.82,70.26
2006-10-30,12086.49,27.54,66.71,56.74,79.06,47.47,59.66,44.49,31.57,34.19,33.52,36.37,41.63,38.63,90.26,20.75,66.05,46.05,45.53,40.92,77.15,58.85,44.2,28.14,26.07,62.49,32.69,64.46,34.83,48.64,69.65
2006-10-31,12080.73,28.17,66.49,57.23,78.71,47.51,59.61,44.44,31.18,34.1,33.89,36.45,41.31,38.45,91.08,20.83,65.76,46.04,45.49,40.92,77.05,58.58,43.99,28.32,25.55,62.08,33.01,64.66,34.23,48.39,70.23
2006-11-01,12031.02,27.75,66.1,57.07,78.91,47.45,59.41,44.25,31.45,33.9,33.63,36.47,41.39,38.27,90.55,20.52,65.54,45.54,45.42,40.86,77.05,58.67,44.23,28.42,25.44,61.74,32.54,63.21,34.2,47.97,69.87
2006-11-02,12018.54,27.92,66.01,56.88,78.06,47.58,59.47,44.16,31.42,33.71,33.64,36.32,41.07,38.31,90.44,20.18,66.25,45.51,45.48,41.05,77.09,58.6,43.97,28.38,25.58,61.96,32.79,63.29,34.22,47.42,70.0
2006-11-03,11986.04,27.91,66.15,56.49,78.82,47.44,59.34,43.74,31.6,33.77,33.22,36.32,40.91,37.94,90.17,20.12,66.16,45.5,45.28,40.26,76.79,58.47,43.68,28.34,25.45,62.09,32.5,62.94,33.95,46.68,70.94
2006-11-06,12105.55,28.23,66.82,57.58,79.32,48.04,58.77,44.55,32.17,34.26,33.68,36.34,41.2,38.44,91.34,20.42,66.75,46.24,45.58,40.83,77.78,58.55,44.37,28.45,25.87,62.25,33.06,64.1,34.21,46.64,71.69
2006-11-07,12156.77,28.27,67.18,57.86,83.63,48.29,58.84,44.4,32.56,34.52,33.6,36.35,41.61,38.41,91.49,20.4,67.04,46.09,45.69,40.68,77.62,57.86,44.45,28.56,26.16,62.79,33.06,64.45,34.11,46.79,71.32
2006-11-08,12176.54,28.14,67.69,58.48,84.52,48.37,59.02,45.07,32.8,34.56,33.68,36.37,41.52,38.59,91.63,20.31,66.33,46.23,45.65,41.03,77.62,58.67,42.94,28.59,25.74,62.72,33.13,64.5,34.1,46.19,72.89
2006-11-09,12103.3,28.42,67.35,58.32,84.18,48.41,58.13,45.85,33.28,34.28,33.53,35.98,41.39,39.27,91.46,20.03,64.54,45.84,45.43,41.09,77.11,58.24,41.53,28.86,24.99,62.48,32.21,63.86,33.4,45.56,73.68
2006-11-10,12108.43,27.93,68.93,58.27,84.69,48.43,58.52,45.9,32.11,34.16,33.65,35.77,41.72,39.69,90.81,20.18,64.67,46.2,45.25,40.97,77.39,58.29,41.76,28.84,24.86,62.39,31.86,64.01,32.92,45.64,73.49
2006-11-13,12131.88,27.91,69.94,58.38,84.75,48.49,58.45,46.44,31.97,34.35,34.06,35.54,42.15,39.92,91.12,20.6,64.33,46.25,45.19,41.51,77.69,58.23,42.09,28.95,25.04,61.95,31.87,64.27,33.26,45.49,73.5
2006-11-14,12218.01,27.83,70.52,58.75,84.8,48.55,59.27,46.14,32.24,34.57,34.47,37.06,42.14,40.37,92.32,21.46,64.94,46.34,45.33,41.27,78.27,58.44,42.51,28.93,25.38,61.9,31.77,64.55,33.66,46.8,73.52
2006-11-15,12251.71,27.97,71.26,58.88,86.13,48.28,60.34,46.31,32.4,34.76,34.55,36.73,42.52,39.5,92.14,21.89,64.92,46.05,45.43,41.1,78.88,59.24,42.76,28.82,25.66,61.82,31.29,64.8,33.38,46.82,73.87
2006-11-16,12305.82,27.73,71.63,58.97,87.74,48.46,60.26,46.58,32.76,34.93,34.73,36.92,42.71,39.83,92.5,21.9,64.91,46.44,45.9,41.67,78.47,60.19,43.24,29.17,25.88,62.21,31.23,65.95,33.25,47.05,71.76
2006-11-17,12342.55,27.69,71.32,59.24,88.54,48.59,59.84,46.22,32.64,35.21,34.57,37.38,42.34,39.48,92.84,21.68,65.6,46.25,46.02,41.82,79.55,61.23,43.64,29.1,26.31,62.54,32.0,65.29,33.34,46.65,72.17
2006-11-20,12316.54,27.89,71.19,58.98,88.15,48.53,59.81,46.82,32.82,34.95,33.41,37.5,42.08,39.42,92.28,21.84,65.38,46.48,45.81,41.89,79.53,61.15,43.17,29.59,26.16,62.38,32.01,65.07,33.28,46.86,71.53
2006-11-21,12321.59,28.59,71.11,58.81,90.11,48.41,61.07,46.97,32.93,34.77,31.88,37.02,42.32,39.69,92.11,21.16,64.98,46.34,45.76,42.06,80.24,60.58,42.83,29.62,26.06,61.96,31.57,65.03,33.73,46.95,72.47
2006-11-22,12326.95,29.81,70.85,59.29,89.12,48.57,61.66,47.55,32.69,34.96,30.39,37.2,42.41,39.43,92.55,21.31,65.14,46.18,45.86,42.15,80.07,60.59,42.98,29.62,26.21,62.33,31.49,64.99,33.36,47.17,72.0
2006-11-24,12280.17,30.08,70.48,59.3,88.79,48.12,61.74,47.36,32.61,34.67,30.53,36.83,42.16,39.27,92.38,21.18,64.61,45.87,45.69,41.88,79.76,60.32,42.79,29.46,26.0,62.22,31.49,65.19,33.36,47.04,71.48
2006-11-27,12121.71,29.54,69.54,58.23,86.42,47.72,60.85,46.94,32.3,34.43,29.68,36.7,41.6,38.35,90.5,20.62,64.41,45.25,45.33,41.1,78.85,60.09,42.25,29.18,26.08,61.54,31.5,64.05,32.87,45.77,71.57
2006-11-28,12136.44,29.58,69.14,58.31,86.98,47.41,60.49,47.14,32.59,34.19,29.3,36.41,41.65,38.58,90.4,20.58,64.73,44.84,45.46,41.4,79.03,60.25,42.3,29.09,26.16,61.77,31.63,63.75,33.02,45.87,73.24
2006-11-29,12226.73,30.36,69.59,58.18,87.92,47.69,60.94,47.09,32.58,34.34,28.84,36.95,42.12,39.1,90.57,20.83,64.95,45.29,45.72,41.85,79.59,60.74,43.16,29.27,26.18,61.91,32.29,63.95,33.49,46.05,75.08
2006-11-30,12221.93,30.53,69.77,58.13,87.56,47.44,60.91,45.9,32.75,34.27,28.57,37.3,42.38,39.17,90.97,20.99,64.67,44.91,45.91,41.97,80.06,60.66,43.11,29.06,26.58,61.49,32.68,63.75,33.54,45.27,75.85
2006-12-01,12194.13,30.24,69.23,57.96,88.57,47.24,60.09,45.43,32.79,34.27,29.02,38.28,42.21,39.15,90.3,20.53,64.73,44.65,45.65,42.08,78.61,60.5,43.64,28.82,26.94,61.4,32.77,63.08,33.25,45.05,76.24
2006-12-04,12283.85,30.54,69.56,59.29,88.6,47.83,60.38,45.88,33.14,34.37,29.14,38.5,43.0,39.57,92.54,20.81,65.03,45.46,45.91,42.5,79.5,60.79,43.29,29.03,24.08,62.11,33.0,64.11,33.46,45.46,76.8
2006-12-05,12331.6,30.21,69.76,59.25,89.74,48.32,61.03,45.98,33.89,34.26,29.46,38.67,42.72,39.62,93.5,20.71,64.92,45.81,47.05,42.75,79.18,60.53,43.96,28.83,24.0,62.2,33.43,63.93,33.2,45.65,77.09
2006-12-06,12309.25,30.12,69.72,59.07,89.84,48.57,61.91,45.61,33.79,34.1,28.71,39.21,42.3,39.84,93.14,20.5,64.79,45.45,47.43,42.96,78.43,60.62,43.63,28.7,23.98,62.48,33.52,64.17,33.55,45.7,75.36
2006-12-07,12278.41,30.18,69.73,58.58,89.03,48.51,61.86,46.01,33.83,34.15,28.4,38.24,41.99,39.57,93.25,20.25,64.81,45.25,47.76,43.28,78.19,61.2,42.93,28.56,24.04,62.48,33.38,63.95,33.5,45.54,74.77
2006-12-08,12307.48,30.47,69.8,59.23,89.15,49.6,62.26,45.87,34.08,34.26,28.91,38.11,41.89,39.35,92.89,20.28,64.71,45.38,47.95,43.76,77.21,61.1,42.91,29.1,24.34,62.57,33.71,63.93,33.9,45.52,74.56
2006-12-11,12328.48,30.42,70.45,58.72,88.8,50.58,61.93,46.38,34.21,34.21,29.31,38.1,41.61,39.8,92.67,20.3,64.46,46.15,47.85,43.58,77.5,61.24,42.98,29.24,24.32,62.55,33.91,64.22,34.26,45.17,74.42
2006-12-12,12315.58,29.98,70.55,58.53,89.32,49.98,61.16,46.16,34.23,34.62,29.19,38.01,41.44,39.62,93.14,20.33,64.34,46.22,47.94,43.04,77.65,61.07,42.6,29.13,24.34,62.39,34.35,64.01,34.33,44.83,75.3
2006-12-13,12317.5,29.83,70.6,59.37,88.62,50.05,60.38,46.1,34.45,34.48,28.79,38.42,41.27,39.46,93.79,20.3,64.24,46.19,47.88,43.59,77.89,60.92,42.33,29.25,24.55,62.09,34.27,63.43,34.44,45.24,76.4
2006-12-14,12416.76,30.13,71.47,61.28,88.95,50.8,61.0,47.34,34.72,35.17,29.1,39.26,42.09,39.7,94.37,20.37,65.0,46.53,48.03,43.69,77.42,61.2,42.58,29.77,24.72,62.04,34.37,61.31,34.65,45.85,77.75
2006-12-15,12445.52,30.41,71.57,61.02,89.71,51.72,60.7,47.68,34.3,36.29,28.6,39.18,43.01,39.73,94.31,20.56,65.04,46.87,47.97,43.41,76.97,61.38,42.97,29.88,24.8,62.79,34.37,61.69,35.02,45.78,76.34
2006-12-18,12441.27,29.8,72.25,61.15,88.58,53.03,60.8,47.66,34.49,36.91,28.64,39.25,42.61,39.82,94.45,20.44,65.34,46.81,47.94,43.48,77.01,61.68,42.81,29.59,24.98,62.84,34.19,61.5,35.08,45.71,74.57
2006-12-19,12471.32,29.86,71.67,60.93,89.19,52.83,60.41,48.01,34.85,36.92,28.62,38.94,43.73,40.21,95.0,20.26,65.62,46.84,47.81,43.99,76.77,61.89,42.5,29.69,25.34,63.06,33.73,61.72,35.19,45.43,76.03
2006-12-20,12463.87,29.43,71.39,60.72,89.12,52.76,60.26,48.38,34.61,37.06,28.91,38.44,43.94,41.12,95.0,20.2,65.18,46.8,47.79,43.86,77.48,61.71,42.29,29.78,25.35,63.14,33.69,62.45,34.99,45.21,75.13
2006-12-21,12421.25,28.75,71.39,60.25,88.96,52.38,59.71,47.9,34.54,36.96,28.89,38.22,44.13,40.58,94.92,19.98,64.76,47.21,47.7,43.87,77.46,61.74,42.26,29.68,25.21,62.73,33.9,62.0,35.21,45.05,74.92
2006-12-22,12343.21,28.69,71.11,60.24,87.79,52.18,59.5,47.5,34.16,36.76,28.76,38.2,44.01,40.41,94.26,19.69,64.41,46.48,47.43,43.57,77.01,61.69,41.83,29.34,25.11,62.48,33.72,61.8,35.09,44.89,74.47
2006-12-26,12407.63,28.82,71.45,60.55,87.82,52.73,59.8,48.07,34.53,36.9,29.1,38.37,44.25,40.71,94.67,19.76,64.4,46.88,47.59,43.81,76.69,61.99,41.79,29.69,25.08,62.87,33.75,62.46,35.28,45.45,75.1
2006-12-27,12510.57,29.46,71.73,60.95,87.91,53.96,60.36,48.11,34.54,36.98,29.9,38.86,44.74,41.38,96.19,20.01,64.77,47.5,47.73,44.33,77.12,62.43,42.36,29.72,25.29,63.09,34.14,62.17,35.65,45.5,76.0
2006-12-28,12501.52,29.46,71.32,60.53,88.03,53.45,60.2,47.95,34.52,36.67,29.93,39.02,44.82,41.14,95.96,20.03,65.17,47.47,47.58,44.36,76.82,62.74,42.54,29.68,25.21,63.15,34.22,62.05,35.83,45.35,76.37
2006-12-29,12463.15,29.45,71.1,60.06,87.87,53.28,60.22,47.64,34.27,36.41,30.03,39.45,44.61,40.97,96.14,19.86,64.78,46.87,47.3,44.33,76.59,62.44,42.58,29.56,25.05,62.94,34.46,61.76,35.75,45.52,75.67
